-150000	-145.88
-260000 -226.77
-970000 -226.06
-1080000 -145.75
-1190000 -135.81
-1290000 -129.12
-1430000 -127.63
-1590000 -134.05
-1660000 -148.03
-1730000 -220.79
-1750000 -224.81
-1940000 -226.68
-2000000 -149.83
-2040000 -222.59
-2070000 -140.97
-2240000 -130.72
-2390000 -139.41
-2420000 -150.68
-2460000 -211.31
-2540000 -218.69
-2610000 -214.16
-2710000 -207.25
-2770000 -171.75
-2840000 -136.15
-2860000 -131.28
-2980000 -130.66
-3080000 -135.77
-3140000 -215.24
-3160000 -209.83
-3160000 -220.11
-3270000 -222.2
-3380000 -216.8
-3430000 -209.67
-3540000 -119.08
-3590000 -105.99
-3640000 -95.82
-3750000 -92.38
-3820000 -92.07
-3920000 -100.97
-3990000 -116.14
-4100000 -167.47
-4110000 -173.11
-4190000 -174.97
-4270000 -169.13
-4340000 -161.46
-4340000 -85.68
-4360000 -145.55
-4400000 -79.52
-4440000 -77.47
-4510000 -79
-4630000 -76.75
-4780000 -67.47
-4920000 -62.09
-5230000 -58.9
-5470000 -59.39
-5650000 -63.32
-5710000 -75.24
-5830000 -179.41
-5860000 -185.27
-5970000 -189.95
-6120000 -183.37
-6150000 -175.37
-6180000 -118.64
-6340000 -112.83
-6440000 -111.77
-6580000 -117.43
-6590000 -126.42
-6630000 -165.62
-6730000 -170.62
-6910000 -173.36
-7010000 -170.24
-7080000 -165.27
-7110000 -150.12
-7310000 -142.03
-7560000 -136.12
-7890000 -135.84
-8240000 -139.58
-8450000 -149.14
-8660000 -163.46
-8850000 -169.01
-9080000 -171.32
-9610000 -171.62
-9780000 -166.24
-9970000 -155.13
-10070000 -149.54
-10220000 -147.45
-10360000 -147.94
-10460000 -151.02
-10520000 -159.92
-10760000 -216.22
-10790000 -222.73
-10860000 -226.22
-10970000 -222.7
-10990000 -214.59
-11010000 -121.38
-11050000 -107.44
-11150000 -97.42
-11270000 -94.24
-11400000 -93.75
-11530000 -94.9
-11650000 -100.16
-11700000 -105.38
-11810000 -107.49
-11890000 -98.98
-11930000 -64.46
-12030000 -56.03
-12310000 -50.89
-12610000 -52.47
-12800000 -57.38
-12940000 -62.28
-13120000 -62.75
-13230000 -57.03
-13290000 -28.35
-13440000 -19.72
-13720000 -10.57
-14120000 -4.16
-14520000 -5.76
-14800000 -10.03
-14890000 -90.06
-15020000 -94.63
-15080000 -88.9
-15110000 -45.93
-15250000 -13.27
-15310000 -7
-15520000 -3.91
-15770000 -8.31
-15830000 -16.01
-15920000 -101.45
-15980000 -105.9
-16090000 -105.5
-16130000 -96.52
-16180000 -57.78
-16220000 -40.35
-16240000 -24.66
-16320000 -16.13
-16430000 -11.39
-16600000 -8.84
-16770000 -9.96
-16870000 -13.88
-16940000 -24.83
-17010000 -30.26
-17130000 -31.81
-17400000 -28.41
-17740000 -26.44
-18070000 -28.68
-18610000 -40.51
-19270000 -60.04
-19830000 -79.45
-20010000 -82.96
-20140000 -80.18
-20250000 -72.84
-20330000 -36.49
-20410000 -29.91
-20600000 -26.5
-20770000 -30.77
-20820000 -38.03
-20950000 -44.57
-21100000 -36.49
-21290000 -28.75
-21690000 -18.9
-22060000 -13.92
-22440000 -13.05
-22880000 -18.04
-23180000 -25.81
-23350000 -42.97
-23440000 -102.1
-23500000 -112.08
-23650000 -113.86
-23760000 -107.61
-23850000 -75.69
-23860000 -66.28
-24050000 -61.88
-24250000 -62.89
-24380000 -71.46
-24450000 -85.77
-24450000 -93.78
-24680000 -99.78
-24890000 -92.9
-25060000 -77.77
-25240000 -69.9
-25520000 -66.28
-25800000 -66.33
-26040000 -70.71
-26260000 -80.18
-26550000 -110.44
-26640000 -115.65
-26840000 -116.88
-26990000 -113.13
-27140000 -89.01
-27680000 -85.07
-28290000 -90.66
-28800000 -109.45
-28930000 -126.68
-28990000 -137.08
-29230000 -144.04
-29500000 -146.13
-29930000 -136
-29930000 -112.08
-30110000 0.88
-30160000 -15.42
-30370000 20.01
-30590000 30.18
-30840000 31.67
-31020000 28.54
-31220000 26.28
-31360000 31.72
-31800000 45.1
-32140000 49.13
-32460000 49.16
-32770000 45.51
-33080000 32.12
-33120000 13.81
-33290000 -36.03
-33370000 -44.5
-33570000 -43.68
-33670000 -33.75
-33720000 -9.4
-33770000 0.32
-33880000 4.17
-34040000 2.37
-34080000 -4.9
-34100000 -11.19
-34190000 -15.44
-34280000 -14.4
-34360000 -8.25
-34720000 -4.4
-35020000 -10.51
-35080000 -17.34
-35450000 -22.26
-35910000 -17.57
-36230000 -13.84
-36570000 -18.89
-36670000 -27.13
-36800000 -45.13
-37230000 -52.57
-37370000 11.6
-37570000 23.47
-37680000 27.89
-37990000 28.81
-38400000 24.84
-38740000 26.18
-38960000 30.37
-39040000 39.99
-39340000 45.24
-39650000 44.87
-39850000 33.58
-40100000 4.85
-40290000 -3.09
-40680000 -7.48
-41010000 -7.42
-41360000 -0.66
-41640000 21.38
-41750000 27.64
-42080000 30.83
-42420000 27.52
-42650000 25.1
-42920000 26.89
-43220000 39.72
-43540000 53.41
-43950000 61.34
-44550000 63.71
-44980000 58.43
-45140000 53.09
-45320000 47.21
-45540000 44.68
-45950000 49.35
-46440000 60.51
-46710000 65.87
-47180000 67.06
-47390000 63.99
-47570000 56.91
-47620000 22.04
-47810000 14.42
-48070000 13.39
-48280000 21.79
-48330000 35.96
-48560000 38.96
-48750000 38.29
-48860000 31.66
-49160000 -67.11
-49300000 -75.46
-49540000 -63.81
-49560000 -54.83
-49760000 39.97
-49830000 48.4
-49890000 51.73
-50020000 52.99
-50120000 48.19
-50330000 54.97
-50410000 59.18
-50620000 55.78
-50810000 60.19
-51050000 63.84
-51350000 65
-51520000 57.72
-51570000 36.93
-51780000 29.54
-52040000 32.97
-52270000 61.83
-52310000 67.88
-52400000 70.02
-52480000 65.56
-52520000 59.92
-52600000 59.14
-52670000 64.43
-52920000 73.01
-53030000 70.48
-53150000 65.03
-53240000 61.86
-53470000 64.85
-54040000 66.94
-54430000 62.78
-54660000 13.38
-54860000 7.19
-55110000 10.51
-55260000 50.11
-55410000 40.23
-55430000 17.71
-55560000 -13.06
-55640000 -16.32
-55700000 -8.43
-55700000 25.56
-55830000 30.5
-55890000 23.67
-55890000 -75.18
-55900000 -74.54
-55970000 26.65
-56190000 37.31
-56480000 44.5
-56790000 46.26
-57150000 45.85
-57300000 43
-57650000 30.03
-58660000 -76.52
-58710000 -86.06
-58920000 -90.98
-59150000 -81.84
-59220000 1.07
-59270000 26.37
-59340000 31.52
-59410000 32.12
-59470000 25.7
-59540000 7.03
-59620000 2.11
-59690000 3.91
-59750000 19.69
-59860000 33.51
-60110000 45.01
-60410000 51.51
-60770000 50.74
-61120000 46.94
-61410000 44.24
-61690000 46.31
-62030000 53.88
-62500000 51.39
-62570000 52.2
-62640000 53.56
-62710000 55.46
-62790000 56.27
-62860000 57.36
-62930000 57.96
-63000000 57.96
-63070000 59.86
-63140000 59.86
-63210000 59.86
-63290000 59.86
-63360000 59.86
-63430000 59.86
-63500000 59.86
-63570000 59.86
-63640000 59.86
-63710000 59.86
-63790000 59.86
-63860000 59.86
-63930000 59.86
-64000000 59.86
-64070000 59.86
-64140000 59.86
-64210000 59.86
-64290000 59.86
-64360000 59.86
-64430000 59.96
-64500000 59.96
-64570000 59.96
-64640000 59.96
-64710000 58.06
-64790000 54.26
-64860000 50.46
-64930000 46.66
-65000000 42.86
-65100000 40.33
-65200000 39.06
-65300000 39.16
-65400000 41.06
-65500000 41.06
-65550000 42.96
-65600000 44.86
-65650000 47.71
-65700000 48.66
-65750000 48.66
-65800000 44.86
-65850000 6.89
-65900000 -25.24
-65950000 -27.14
-66000000 6.96
-66180000 41.06
-66350000 48.66
-66530000 52.46
-66710000 56.26
-66880000 58.16
-67060000 60.06
-67240000 61.96
-67410000 63.86
-67590000 65.76
-67770000 67.66
-67940000 67.66
-68120000 67.66
-68300000 67.66
-68470000 67.66
-68650000 67.66
-68830000 67.66
-69000000 65.76
-69180000 63.86
-69360000 63.86
-69530000 61.96
-69710000 60.16
-69890000 56.36
-70060000 53.19
-70240000 49.24
-70420000 42.43
-70590000 30.43
-70770000 22.26
-70950000 22.26
-71120000 33.66
-71300000 44.01
-71390000 51.61
-71480000 58.26
-71570000 62.06
-71660000 65.86
-71750000 67.76
-71840000 71.56
-71930000 73.46
-72020000 75.36
-72110000 77.26
-72200000 79.16
-72290000 79.16
-72380000 79.16
-72470000 81.06
-72560000 81.06
-72650000 81.06
-72740000 82.57
-72830000 82.64
-72920000 82.66
-73010000 82.66
-73100000 82.66
-73190000 82.66
-73280000 82.66
-73370000 82.39
-73460000 80.79
-73550000 80.85
-73640000 78.42
-73730000 75.7
-73820000 75.12
-73910000 75.07
-74000000 73.16
-74100000 69.26
-74190000 66.89
-74290000 62.61
-74380000 56.34
-74480000 49.02
-74570000 44.36
-74670000 42.46
-74760000 42.46
-74860000 42.46
-74950000 44.36
-75050000 51.06
-75140000 59.66
-75240000 64.46
-75330000 71.16
-75430000 74.96
-75520000 78.76
-75620000 82.66
-75710000 86.46
-75810000 89.31
-75900000 90.26
-76000000 90.26
-76090000 90.26
-76190000 90.26
-76280000 89.5
-76380000 87.22
-76470000 85.96
-76570000 84.46
-76660000 82.56
-76760000 82.56
-76850000 82.56
-76950000 84.46
-77040000 84.46
-77140000 84.46
-77230000 86.36
-77330000 87.31
-77420000 90.26
-77520000 94.06
-77610000 95.96
-77710000 97.86
-77800000 97.86
-77900000 97.86
-77990000 97.86
-78090000 97.86
-78180000 95.96
-78280000 93.96
-78370000 92.06
-78470000 90.16
-78560000 90.16
-78660000 90.16
-78750000 92.06
-78850000 92.06
-78940000 93.96
-79040000 95.86
-79130000 97.76
-79230000 95.86
-79320000 93.96
-79420000 89.69
-79510000 76.76
-79610000 46.06
-79700000 39.09
-79800000 55.66
-79890000 70.01
-79990000 74.76
-80080000 78.66
-80180000 80.56
-80270000 84.36
-80370000 86.26
-80460000 86.26
-80560000 88.16
-80650000 88.79
-80750000 90.06
-80840000 90.06
-80940000 90.06
-81030000 90.06
-81130000 88.16
-81220000 88.16
-81320000 88.16
-81410000 86.26
-81510000 86.26
-81600000 86.26
-81700000 84.26
-81790000 81.89
-81890000 78.56
-81980000 72.38
-82080000 68.2
-82170000 65.16
-82270000 63.26
-82360000 63.26
-82460000 63.16
-82550000 65.16
-82650000 66.11
-82740000 68.96
-82840000 69.91
-82930000 72.76
-83030000 74.66
-83120000 76.56
-83220000 78.46
-83310000 76.94
-83410000 75.42
-83500000 73.14
-83560000 68.86
-83620000 64.68
-83670000 60.5
-83730000 55.08
-83790000 42.56
-83850000 37.5
-83900000 34.46
-83960000 34.46
-84020000 38.26
-84080000 47.19
-84130000 57.36
-84190000 65.06
-84250000 70.76
-84310000 74.56
-84360000 76.46
-84420000 76.46
-84480000 76.46
-84540000 76.46
-84590000 78.21
-84650000 78.56
-84710000 77.27
-84770000 74.59
-84820000 72.96
-84880000 72.96
-84940000 71.06
-85000000 71.06
-85050000 69.16
-85110000 69.16
-85170000 69.16
-85230000 69.18
-85280000 69.25
-85340000 70.48
-85400000 71.84
-85460000 73.33
-85510000 76.05
-85570000 78.81
-85630000 80.72
-85690000 82.56
-85740000 82.56
-85800000 82.66
-86120000 80.76
-86440000 76.96
-86760000 75.06
-87080000 76.96
-87400000 78.86
-87720000 84.56
-88040000 88.46
-88360000 90.36
-88680000 90.36
-89000000 90.36
-89150000 87.83
-89300000 82.76
-89450000 67.56
-89600000 29.36
-89750000 -11.64
-89900000 -18.34
-90050000 -16.44
-90200000 16.06
-90350000 61.86
-90500000 94.36
-90650000 91.83
-90800000 77.16
-90950000 73.36
-91100000 103.96
-91250000 107.76
-91400000 107.76
-91550000 100.16
-91700000 96.36
-91850000 96.36
-92000000 102.16
-92150000 109.76
-92300000 109.76
-92450000 109.86
-92600000 109.86
-92750000 110.85
-92900000 108.13
-93050000 104.87
-93200000 99.79
-93350000 94.56
-93500000 91.85
-93640000 87.5
-93770000 82.62
-93910000 79.9
-94040000 77.2
-94180000 75.66
-94310000 75.66
-94450000 73.76
-94580000 73.76
-94720000 71.16
-94850000 71.16
-94990000 72.11
-95120000 74.66
-95260000 75.06
-95390000 76.96
-95530000 77.04
-95660000 78.96
-95800000 78.96
-95930000 79.02
-96070000 77.16
-96200000 70.73
-96340000 53.56
-96470000 36.96
-96610000 31.26
-96740000 31.36
-96880000 52.36
-97010000 83.06
-97150000 90.38
-97280000 94.56
-97420000 96.56
-97550000 98.46
-97690000 98.46
-97820000 98.56
-97960000 96.66
-98090000 94.76
-98230000 92.86
-98360000 89.06
-98500000 87.16
-98630000 87.16
-98770000 85.3
-98900000 85.36
-99010000 85.36
-99120000 87.76
-99230000 75.96
-99340000 82.39
-99450000 88.79
-99570000 93.26
-99680000 95.16
-99790000 97.06
-99900000 97.06
-100010000 97.06
-100120000 95.16
-100230000 93.26
-100340000 87.56
-100450000 77.96
-100560000 63.61
-100670000 45.46
-100780000 37.76
-100900000 39.09
-101010000 57.59
-101120000 72.26
-101230000 83.76
-101340000 81.86
-101450000 79.96
-101560000 74.26
-101670000 65.61
-101780000 60.86
-101890000 56.96
-102000000 57.06
-102110000 58.96
-102230000 63.39
-102340000 66.56
-102450000 68.56
-102560000 70.46
-102670000 68.56
-102780000 66.66
-102890000 60.86
-103000000 48.46
-103110000 43.66
-103220000 39.86
-103330000 37.96
-103440000 37.96
-103560000 37.96
-103670000 39.86
-103780000 43.73
-103890000 47.56
-104000000 50.41
-104110000 51.36
-104220000 51.36
-104330000 51.36
-104440000 49.46
-104550000 46.61
-104660000 43.29
-104770000 42.86
-104890000 42.86
-105000000 42.86
-105110000 41.86
-105220000 41.86
-105330000 40.86
-105440000 40.86
-105550000 40.33
-105660000 39.06
-105770000 37.79
-105880000 37.26
-105990000 37.26
-106100000 37.26
-106220000 40.21
-106330000 42.11
-106440000 45.03
-106550000 48.86
-106660000 50.81
-106770000 50.86
-106880000 50.86
-106990000 50.86
-107100000 49.59
-107210000 48.43
-107320000 46.53
-107430000 44.31
-107550000 41.46
-107660000 38.61
-107770000 37.03
-107880000 33.86
-107990000 31.96
-108100000 30.06
-108210000 28.21
-108320000 26.99
-108430000 25.09
-108540000 23.83
-108650000 21.93
-108760000 14.36
-108880000 12.46
-108990000 12.01
-109100000 11.56
-109210000 11.11
-109320000 10.66
-109430000 10.66
-109540000 10.66
-109650000 10.66
-109760000 10.66
-109870000 12.56
-109980000 12.61
-110090000 12.66
-110210000 12.66
-110320000 15.76
-110430000 15.76
-110540000 14.81
-110650000 13.86
-110760000 13.39
-110870000 11.96
-110980000 11.49
-111090000 8.16
-111200000 4.84
-111310000 -2.92
-111420000 -16.54
-111540000 -27.04
-111650000 -26.04
-111760000 -13.21
-111870000 0.56
-111980000 6.74
-112090000 10.69
-112200000 11.96
-112380000 10.54
-112550000 8.64
-112730000 5.31
-112900000 1.32
-113080000 -3.24
-113260000 -6.09
-113430000 -8.94
-113610000 -10.84
-113780000 -10.84
-113960000 -12.26
-114140000 -12.74
-114310000 -11.47
-114490000 -10.84
-114660000 -10.21
-114840000 -8.94
-115020000 -6.41
-115190000 -3.24
-115370000 0.56
-115540000 3.73
-115720000 7.21
-115900000 10.06
-116070000 11.96
-116250000 13.39
-116420000 13.86
-116600000 15.13
-116780000 15.76
-116950000 15.76
-117130000 15.76
-117300000 15.76
-117480000 15.76
-117660000 15.76
-117830000 15.29
-118010000 13.86
-118180000 12.44
-118360000 8.92
-118540000 -1.61
-118710000 -20.04
-118890000 -38.81
-119060000 -50.07
-119240000 -52.26
-119420000 -43.24
-119590000 -24.17
-119770000 -1.81
-119940000 10.06
-120120000 16.24
-120300000 17.66
-120470000 19.56
-120650000 18.61
-120820000 16.71
-121000000 14.81
-121170000 12.91
-121340000 11.66
-121510000 14.86
-121690000 17.36
-121860000 23.06
-122030000 24.01
-122200000 24.96
-122370000 26.96
-122540000 26.96
-122710000 26.96
-122890000 26.96
-123060000 24.11
-123230000 21.26
-123400000 20.79
-123570000 20.31
-123740000 17.56
-123910000 17.56
-124090000 18.51
-124260000 19.46
-124430000 22.86
-124600000 28.96
-124770000 34.76
-124940000 34.29
-125110000 33.81
-125290000 30.96
-125460000 27.16
-125630000 24.31
-125800000 21.46
-125970000 21.46
-126140000 23.41
-126310000 25.36
-126490000 27.26
-126660000 30.11
-126830000 32.96
-127000000 32.96
-127110000 30.11
-127220000 27.26
-127330000 23.46
-127440000 15.86
-127560000 14.96
-127670000 14.06
-127780000 15.96
-127890000 19.76
-128000000 20.71
-128110000 21.66
-128220000 23.56
-128330000 21.76
-128440000 17.96
-128560000 14.16
-128670000 6.56
-128780000 -1.04
-128890000 -8.64
-129000000 -11.49
-129110000 -14.34
-129220000 -12.44
-129330000 -10.54
-129440000 -8.64
-129560000 -4.84
-129670000 -3.84
-129780000 -2.84
-129890000 -2.84
-130000000 -5.69
-130110000 -10.44
-130220000 -19.94
-130330000 -19.14
-130440000 -18.04
-130560000 -14.24
-130670000 -14.19
-130780000 -14.14
-130890000 -15.74
-131000000 -19.24
-131110000 -24.94
-131220000 -30.64
-131330000 -34.44
-131440000 -34.44
-131560000 -32.54
-131670000 -31.59
-131780000 -30.64
-131890000 -30.64
-132000000 -32.54
-132070000 -35.39
-132140000 -38.24
-132210000 -40.14
-132290000 -42.99
-132360000 -45.84
-132430000 -48.7
-132500000 -51.56
-132570000 -51.56
-132640000 -52.74
-132710000 -52.74
-132790000 -52.74
-132860000 -52.1
-132930000 -50.83
-133000000 -49.69
-133070000 -48.61
-133140000 -47.04
-133210000 -46.72
-133290000 -45.14
-133360000 -45.14
-133430000 -45.14
-133500000 -45.14
-133570000 -45.14
-133640000 -46.28
-133710000 -47.04
-133790000 -47.04
-133860000 -48.93
-133930000 -50.45
-134000000 -50.83
-134070000 -52.74
-134140000 -54.16
-134210000 -56.54
-134290000 -58.45
-134360000 -59.87
-134430000 -63.4
-134500000 -66.53
-134570000 -69.39
-134640000 -72.53
-134710000 -76.21
-134790000 -79.86
-134860000 -85.09
-134930000 -90.8
-135000000 -98.42
-135070000 -109.84
-135140000 -130.78
-135210000 -146.95
-135290000 -155.99
-135360000 -157.42
-135430000 -157.42
-135500000 -157.42
-135570000 -125.44
-135640000 -91.44
-135710000 -60.98
-135790000 -55.27
-135860000 -51.78
-135930000 -48.55
-136000000 -46.41
-136070000 -44.19
-136140000 -43.24
-136210000 -41.97
-136290000 -41.34
-136360000 -40.96
-136430000 -39.44
-136500000 -39.82
-136570000 -41.81
-136640000 -47.04
-136710000 -54.64
-136790000 -67.96
-136860000 -85.09
-136930000 -100.32
-137000000 -111.74
-137240000 -116.5
-137480000 -117.45
-137720000 -117.45
-137960000 -114.79
-138200000 -86.68
-138440000 -59.09
-138680000 -32.79
-138920000 -28.42
-139160000 -28.04
-139400000 -28.04
-139640000 -25.09
-139880000 -22.87
-140120000 -20.66
-140360000 -18.82
-140600000 -16.86
-140840000 -15.27
-141080000 -12.74
-141320000 -10.84
-141560000 -9.32
-141800000 -7.99
-142040000 -6.09
-142280000 -5.14
-142520000 -5.14
-142760000 -3.56
-143000000 -3.24
-143240000 -3.24
-143480000 -3.24
-143720000 -3.24
-143960000 -4
-144200000 -6.56
-144330000 -10.21
-144460000 -20.96
-144590000 -26.76
-144720000 -29.9
-144850000 -30.37
-144980000 -29.04
-145110000 -27.71
-145240000 -24.21
-145370000 -21.77
-145500000 -19.14
-145630000 -19.06
-145760000 -19.04
-145890000 -18.97
-146020000 -19.26
-146150000 -21.98
-146280000 -25.21
-146410000 -30.51
-146540000 -36.79
-146670000 -42.56
-146800000 -48.36
-146930000 -51.73
-147060000 -53.63
-147190000 -55.53
-147320000 -55.49
-147450000 -54.05
-147580000 -52.8
-147710000 -49.23
-147840000 -43.61
-147970000 -34.67
-148100000 -22.74
-148230000 -13.7
-148360000 -10.34
-148490000 -10.27
-148620000 -12.17
-148750000 -21.39
-148880000 -37.41
-149010000 -55.54
-149140000 -60.69
-149270000 -60.64
-149400000 -57.35
-149530000 -42.47
-149660000 -19.94
-149790000 -3.44
-149920000 -0.04
-150050000 0
-150180000 -1.89
-150310000 -7.67
-150440000 -22.24
-150570000 -45.25
-150700000 -65.59
-150730000 -67.88
-150770000 -44.74
-150800000 -10.67
-150840000 7.23
-150870000 12.45
-150900000 15.13
-150940000 16.97
-150970000 18.16
-151010000 18.16
-151040000 18.24
-151070000 18.26
-151110000 17.92
-151140000 16.08
-151180000 12.56
-151210000 6.09
-151240000 -4.39
-151280000 -15.87
-151310000 -24.76
-151350000 -31.51
-151380000 -33.24
-151410000 -33.84
-151450000 -31.84
-151480000 -16.87
-151520000 9.42
-151550000 25.52
-151580000 24.46
-151620000 21.44
-151650000 15.64
-151690000 10.31
-151720000 7.78
-151750000 7.81
-151790000 9.47
-151820000 11.81
-151860000 17.1
-151890000 19.36
-151920000 20.36
-151960000 20.36
-151990000 19.89
-152030000 19.41
-152060000 18.94
-152090000 18.46
-152130000 16.46
-152160000 16.46
-152200000 13.61
-152230000 12.66
-152260000 11.71
-152300000 8.86
-152330000 6.96
-152370000 6.96
-152400000 5.06
-152430000 2.21
-152470000 -0.64
-152500000 -2.54
-152540000 -2.54
-152570000 -4.44
-152600000 -4.44
-152640000 -6.34
-152670000 -6.34
-152710000 -6.34
-152740000 -6.34
-152770000 -4.44
-152810000 -4.44
-152840000 -4.44
-152880000 -0.64
-152910000 0.31
-152940000 1.26
-152980000 1.26
-153010000 1.26
-153050000 1.26
-153080000 1.26
-153110000 -1.59
-153150000 -4.44
-153180000 -9.19
-153220000 -12.04
-153250000 -14.89
-153280000 -15.36
-153320000 -15.84
-153350000 -15.84
-153390000 -14.89
-153420000 -13.94
-153450000 -12.04
-153490000 -9.19
-153520000 -6.34
-153560000 -7.76
-153590000 -9.19
-153620000 -10.16
-153660000 -11.14
-153690000 -14.04
-153730000 -15.94
-153760000 -20.69
-153790000 -23.54
-153830000 -28.29
-153860000 -31.14
-153900000 -34.94
-153930000 -34.94
-153960000 -35.41
-154000000 -35.89
-154030000 -36.36
-154070000 -36.84
-154100000 -36.84
-154190000 -35.89
-154280000 -34.94
-154370000 -33.04
-154450000 -31.14
-154540000 -29.24
-154630000 -27.34
-154720000 -27.34
-154810000 -26.39
-154900000 -25.44
-154980000 -25.44
-155070000 -25.44
-155160000 -25.44
-155250000 -25.44
-155340000 -27.34
-155430000 -27.34
-155510000 -30.19
-155600000 -33.04
-155690000 -33.51
-155780000 -33.99
-155870000 -34.46
-155960000 -34.94
-156040000 -33.04
-156130000 -31.14
-156220000 -29.24
-156310000 -29.24
-156400000 -27.34
-156490000 -27.34
-156570000 -27.34
-156660000 -27.34
-156750000 -27.81
-156840000 -28.29
-156930000 -33.04
-157020000 -34.94
-157100000 -35.04
-157190000 -33.14
-157280000 -31.24
-157370000 -29.34
-157460000 -29.34
-157550000 -31.24
-157630000 -35.04
-157720000 -42.64
-157810000 -43.11
-157900000 -43.59
-157990000 -44.06
-158080000 -44.54
-158160000 -44.54
-158250000 -43.59
-158340000 -42.64
-158430000 -42.64
-158520000 -42.64
-158610000 -42.64
-158690000 -42.64
-158780000 -40.74
-158870000 -40.74
-158960000 -40.74
-159050000 -40.74
-159140000 -38.84
-159220000 -38.84
-159310000 -38.84
-159400000 -40.74
-159500000 -40.74
-159600000 -40.74
-159700000 -40.74
-159800000 -40.74
-159900000 -42.64
-160000000 -42.64
-160100000 -42.64
-160200000 -44.54
-160300000 -44.54
-160400000 -46.44
-160500000 -48.37
-160600000 -50.27
-160700000 -50.27
-160800000 -53.13
-160900000 -55.98
-161000000 -57.88
-161100000 -60.73
-161200000 -63.59
-161300000 -67.39
-161400000 -71.2
-161500000 -75.95
-161600000 -78.8
-161700000 -80.7
-161800000 -84.51
-161900000 -85.93
-162000000 -87.36
-162100000 -87.84
-162200000 -88.32
-162300000 -90.22
-162400000 -90.22
-162500000 -90.22
-162600000 -89.27
-162700000 -88.33
-162800000 -88.33
-162900000 -86.43
-163000000 -84.53
-163100000 -82.63
-163200000 -78.83
-163300000 -78.83
-163400000 -78.84
-163500000 -76.94
-163600000 -77.41
-163700000 -77.89
-163800000 -78.84
-163900000 -79.8
-164000000 -82.65
-164100000 -84.55
-164200000 -87.41
-164300000 -92.16
-164400000 -95.01
-164460000 -97.87
-164520000 -99.77
-164580000 -104.52
-164640000 -107.38
-164700000 -112.13
-164760000 -114.98
-164820000 -116.88
-164880000 -116.89
-164940000 -118.79
-165000000 -118.79
-165060000 -116.89
-165120000 -114.99
-165180000 -111.19
-165240000 -107.39
-165300000 -103.59
-165360000 -95.99
-165420000 -92.2
-165480000 -91.25
-165540000 -90.3
-165600000 -90.3
-165660000 -92.2
-165720000 -94.1
-165780000 -94.11
-165840000 -94.11
-165900000 -92.21
-165960000 -90.31
-166020000 -90.31
-166080000 -90.31
-166140000 -90.32
-166200000 -90.32
-166260000 -92.22
-166320000 -92.23
-166380000 -94.13
-166440000 -96.03
-166500000 -96.03
-166560000 -96.03
-166620000 -96.03
-166680000 -96.04
-166740000 -96.04
-166800000 -96.04
-166860000 -96.04
-166920000 -92.24
-166980000 -92.24
-167040000 -92.25
-167100000 -86.55
-167160000 -82.75
-167220000 -80.85
-167280000 -78.95
-167340000 -75.15
-167400000 -72.3
-167460000 -69.45
-167520000 -67.55
-167580000 -63.76
-167640000 -61.86
-167700000 -59.96
-167760000 -56.16
-167820000 -56.16
-167880000 -56.16
-167940000 -52.36
-168000000 -52.36
-168060000 -52.37
-168120000 -50.47
-168180000 -50.47
-168240000 -49.52
-168300000 -48.57
-168360000 -48.58
-168420000 -48.58
-168480000 -48.58
-168540000 -48.58
-168600000 -48.58
-168660000 -48.58
-168720000 -48.59
-168780000 -48.59
-168840000 -50.49
-168900000 -50.49
-168960000 -50.97
-169020000 -51.45
-169080000 -51.92
-169140000 -52.4
-169200000 -52.4
-169320000 -54.31
-169440000 -54.31
-169570000 -56.21
-169690000 -56.21
-169810000 -56.21
-169930000 -56.22
-170050000 -58.12
-170170000 -56.22
-170300000 -56.22
-170420000 -56.22
-170540000 -56.23
-170660000 -54.33
-170780000 -54.33
-170900000 -54.33
-171030000 -52.43
-171150000 -54.34
-171270000 -54.34
-171390000 -56.24
-171510000 -59.09
-171630000 -59.57
-171760000 -60.05
-171880000 -62.9
-172000000 -67.65
-172120000 -67.66
-172240000 -69.56
-172360000 -72.41
-172490000 -72.89
-172610000 -73.37
-172730000 -75.27
-172850000 -75.27
-172970000 -75.27
-173090000 -77.18
-173220000 -77.18
-173340000 -77.18
-173460000 -77.18
-173580000 -77.18
-173700000 -77.18
-173820000 -77.19
-173950000 -75.29
-174070000 -75.29
-174190000 -75.29
-174310000 -71.49
-174430000 -69.6
-174550000 -68.65
-174680000 -67.7
-174800000 -65.8
-174920000 -64.85
-175040000 -63.9
-175160000 -62
-175280000 -62.01
-175410000 -58.45
-175530000 -56.56
-175650000 -56.56
-175770000 -56.57
-175890000 -56.58
-176010000 -56.59
-176140000 -58.5
-176260000 -58.5
-176380000 -58.51
-176500000 -58.52
-176550000 -60.43
-176590000 -60.44
-176640000 -62.34
-176680000 -62.35
-176730000 -64.26
-176770000 -66.17
-176820000 -66.18
-176860000 -69.04
-176910000 -71.91
-176950000 -73.81
-177000000 -73.82
-177040000 -75.73
-177090000 -78.59
-177130000 -81.46
-177180000 -83.37
-177220000 -86.22
-177270000 -89.09
-177310000 -89.1
-177360000 -91.01
-177400000 -92.92
-177450000 -95.78
-177490000 -98.64
-177540000 -100.55
-177580000 -100.56
-177630000 -102.47
-177670000 -105.33
-177720000 -108.2
-177760000 -108.21
-177810000 -110.11
-177850000 -112.02
-177900000 -112.03
-177940000 -113.94
-177990000 -116.8
-178030000 -117.76
-178080000 -118.72
-178120000 -121.58
-178170000 -122.06
-178210000 -122.54
-178260000 -123.5
-178300000 -124.46
-178350000 -124.95
-178390000 -125.43
-178440000 -125.44
-178480000 -125.92
-178530000 -126.4
-178570000 -126.89
-178620000 -127.37
-178660000 -127.38
-178710000 -127.38
-178750000 -127.39
-178800000 -127.4
-178840000 -126.45
-178890000 -125.51
-178930000 -125.52
-178980000 -123.62
-179020000 -122.67
-179070000 -121.73
-179110000 -117.93
-179160000 -116.98
-179200000 -116.04
-179250000 -112.24
-179290000 -106.54
-179340000 -106.54
-179380000 -106.55
-179430000 -102.76
-179470000 -101.81
-179520000 -100.86
-179560000 -100.87
-179610000 -100.87
-179650000 -100.88
-179700000 -100.89
-179740000 -100.9
-179790000 -100.9
-179830000 -100.91
-179880000 -100.92
-179920000 -102.83
-179970000 -102.84
-180010000 -102.84
-180060000 -102.85
-180100000 -102.86
-180240000 -101.91
-180370000 -100.97
-180510000 -100.98
-180640000 -100.03
-180780000 -99.08
-180910000 -95.29
-181050000 -91.49
-181190000 -90.54
-181320000 -89.6
-181460000 -85.8
-181590000 -85.8
-181730000 -85.81
-181860000 -83.92
-182000000 -83.93
-182140000 -85.84
-182270000 -85.84
-182410000 -85.85
-182540000 -85.86
-182680000 -87.76
-182810000 -83.97
-182950000 -83.97
-183090000 -83.98
-183220000 -80.18
-183360000 -80.19
-183490000 -79.24
-183630000 -78.3
-183760000 -78.31
-183900000 -78.79
-184040000 -79.27
-184170000 -79.76
-184310000 -80.24
-184440000 -84.05
-184580000 -85.01
-184710000 -85.97
-184850000 -85.98
-184990000 -82.18
-185120000 -82.18
-185260000 -82.19
-185390000 -80.3
-185530000 -79.35
-185660000 -78.4
-185800000 -78.41
-185940000 -78.41
-186070000 -78.42
-186210000 -78.43
-186340000 -78.44
-186480000 -80.35
-186610000 -82.26
-186750000 -82.27
-186890000 -86.08
-187020000 -89.89
-187160000 -93.71
-187290000 -97.52
-187430000 -103.24
-187560000 -108.96
-187700000 -113.72
-187840000 -118.49
-187970000 -122.3
-188110000 -122.31
-188240000 -124.22
-188380000 -126.13
-188510000 -126.14
-188650000 -128.05
-188790000 -128.06
-188920000 -128.06
-189060000 -128.07
-189190000 -128.08
-189330000 -126.18
-189460000 -125.23
-189600000 -124.29
-189670000 -122.4
-189740000 -121.45
-189810000 -120.5
-189890000 -118.61
-189960000 -117.66
-190030000 -116.72
-190100000 -114.82
-190170000 -111.03
-190240000 -110.08
-190310000 -109.13
-190380000 -109.14
-190460000 -111.05
-190530000 -111.06
-190600000 -112.97
-190670000 -112.97
-190740000 -112.98
-190810000 -112.99
-190880000 -109.19
-190950000 -109.19
-191030000 -109.2
-191100000 -105.41
-191170000 -105.89
-191240000 -106.37
-191310000 -111.14
-191380000 -118.75
-191450000 -118.76
-191520000 -116.86
-191600000 -114.97
-191670000 -109.27
-191740000 -105.47
-191810000 -103.57
-191880000 -101.67
-191950000 -101.68
-192020000 -100.73
-192090000 -99.79
-192170000 -99.8
-192240000 -101.71
-192310000 -101.72
-192380000 -101.72
-192450000 -101.73
-192520000 -101.74
-192590000 -103.65
-192660000 -103.66
-192740000 -103.66
-192810000 -103.67
-192880000 -103.68
-192950000 -103.69
-193020000 -102.74
-193090000 -101.79
-193160000 -98
-193230000 -98
-193310000 -98.01
-193380000 -96.11
-193450000 -96.11
-193520000 -96.12
-193590000 -96.13
-193660000 -96.14
-193730000 -98.05
-193800000 -98.53
-193880000 -99.01
-193950000 -101.88
-194020000 -101.89
-194090000 -103.8
-194160000 -105.71
-194230000 -108.56
-194300000 -109.52
-194370000 -110.48
-194450000 -113.35
-194520000 -115.26
-194590000 -115.27
-194660000 -117.18
-194730000 -120.04
-194800000 -121
-194870000 -121.95
-194940000 -124.82
-195020000 -125.3
-195090000 -125.78
-195160000 -128.65
-195230000 -128.66
-195300000 -128.66
-195390000 -128.67
-195490000 -128.68
-195580000 -130.59
-195680000 -128.69
-195770000 -128.69
-195870000 -128.7
-195960000 -128.71
-196050000 -127.76
-196150000 -126.82
-196240000 -124.93
-196340000 -124.93
-196430000 -124.94
-196530000 -123.04
-196620000 -121.15
-196710000 -120.2
-196810000 -119.26
-196900000 -117.36
-197000000 -117.36
-197090000 -117.37
-197190000 -115.48
-197280000 -117.39
-197370000 -117.4
-197470000 -118.36
-197560000 -119.31
-197660000 -120.75
-197750000 -122.18
-197850000 -125.05
-197940000 -126.95
-198030000 -129.81
-198130000 -132.68
-198220000 -137.44
-198320000 -140.31
-198410000 -142.22
-198510000 -145.08
-198600000 -146.04
-198690000 -147
-198790000 -147.48
-198880000 -147.96
-198980000 -147.97
-199070000 -147.98
-199170000 -147.98
-199260000 -146.09
-199350000 -145.14
-199450000 -144.19
-199540000 -142.3
-199640000 -140.41
-199730000 -140.41
-199830000 -140.42
-199920000 -140.43
-200010000 -140.43
-200110000 -140.44
-200200000 -140.45
-200300000 -140.46
-200390000 -142.37
-200490000 -142.85
-200580000 -143.33
-200670000 -146.19
-200770000 -148.1
-200860000 -148.11
-200960000 -150.02
-201050000 -152.88
-201150000 -157.65
-201240000 -160.52
-201330000 -163.37
-201430000 -165.28
-201520000 -171
-201620000 -172.44
-201710000 -173.88
-201810000 -176.73
-201900000 -178.64
-201940000 -180.55
-201980000 -180.56
-202030000 -182.47
-202070000 -182.48
-202110000 -182.49
-202150000 -182.5
-202200000 -182.5
-202240000 -182.51
-202280000 -181.57
-202320000 -180.62
-202360000 -180.63
-202410000 -178.73
-202450000 -176.83
-202490000 -176.84
-202530000 -173.04
-202580000 -173.05
-202620000 -173.05
-202660000 -169.26
-202700000 -169.27
-202740000 -169.27
-202790000 -167.37
-202830000 -166.43
-202870000 -165.48
-202910000 -163.59
-202960000 -161.69
-203000000 -161.7
-203040000 -161.7
-203080000 -159.81
-203120000 -159.82
-203170000 -159.82
-203210000 -157.92
-203250000 -157.94
-203290000 -156.99
-203340000 -156.04
-203380000 -154.15
-203420000 -154.15
-203460000 -154.16
-203500000 -154.17
-203550000 -154.17
-203590000 -154.18
-203630000 -154.19
-203670000 -154.2
-203720000 -153.25
-203760000 -152.31
-203800000 -154.21
-203840000 -154.22
-203880000 -154.23
-203930000 -156.14
-203970000 -156.15
-204010000 -156.15
-204050000 -156.16
-204100000 -158.07
-204140000 -158.08
-204180000 -159.99
-204220000 -160
-204260000 -161.91
-204310000 -161.92
-204350000 -163.83
-204390000 -163.84
-204430000 -165.74
-204480000 -165.75
-204520000 -165.75
-204560000 -165.76
-204600000 -165.77
-204640000 -165.78
-204690000 -165.78
-204730000 -165.79
-204770000 -165.8
-204810000 -165.8
-204860000 -165.81
-204900000 -165.82
-204940000 -165.82
-204980000 -165.83
-205020000 -165.84
-205070000 -165.85
-205110000 -165.85
-205150000 -165.86
-205190000 -164.92
-205240000 -163.97
-205280000 -163.98
-205320000 -163.99
-205360000 -163.99
-205400000 -162.1
-205450000 -162.11
-205490000 -161.16
-205530000 -160.21
-205570000 -160.22
-205620000 -160.23
-205660000 -160.23
-205700000 -158.34
-205770000 -156.45
-205830000 -156.45
-205900000 -156.46
-205960000 -154.56
-206030000 -154.57
-206090000 -154.57
-206160000 -152.68
-206220000 -151.73
-206290000 -150.79
-206350000 -148.89
-206420000 -148.9
-206480000 -147.96
-206550000 -147.01
-206610000 -145.12
-206680000 -145.12
-206740000 -145.13
-206810000 -143.23
-206870000 -143.24
-206940000 -143.24
-207000000 -143.25
-207070000 -145.16
-207130000 -145.17
-207200000 -145.18
-207260000 -147.09
-207330000 -149
-207390000 -149.01
-207460000 -150.92
-207520000 -150.93
-207590000 -152.84
-207650000 -152.84
-207720000 -152.85
-207780000 -152.86
-207850000 -152.87
-207910000 -152.87
-207980000 -152.88
-208040000 -152.89
-208110000 -152.89
-208170000 -152.9
-208240000 -151
-208300000 -150.06
-208370000 -149.11
-208430000 -149.12
-208500000 -145.32
-208560000 -144.38
-208630000 -143.43
-208690000 -141.54
-208760000 -140.59
-208820000 -139.64
-208890000 -137.75
-208950000 -133.95
-209020000 -133.95
-209080000 -133.96
-209150000 -130.17
-209210000 -130.17
-209280000 -130.18
-209340000 -126.38
-209410000 -125.43
-209470000 -124.49
-209540000 -122.59
-209600000 -120.7
-209760000 -119.75
-209920000 -118.8
-210080000 -116.91
-210230000 -115.96
-210390000 -115.02
-210550000 -113.12
-210710000 -112.17
-210870000 -111.23
-211030000 -109.34
-211190000 -107.44
-211340000 -106.49
-211500000 -105.55
-211660000 -103.66
-211820000 -102.71
-211980000 -101.76
-212140000 -99.87
-212300000 -97.98
-212450000 -97.03
-212610000 -96.08
-212770000 -96.09
-212930000 -95.14
-213090000 -94.2
-213250000 -92.31
-213410000 -91.36
-213560000 -90.41
-213720000 -88.52
-213880000 -86.63
-214040000 -86.63
-214200000 -86.64
-214360000 -84.74
-214520000 -84.74
-214670000 -84.75
-214830000 -82.86
-214990000 -82.86
-215150000 -82.87
-215310000 -79.07
-215470000 -79.08
-215630000 -79.08
-215780000 -79.09
-215940000 -77.63
-216100000 -78.06
-216260000 -78.06
-216420000 -78.05
-216580000 -78.05
-216740000 -76.15
-216890000 -76.15
-217050000 -76.14
-217210000 -76.14
-217370000 -76.13
-217530000 -76.13
-217690000 -76.12
-217850000 -76.12
-218000000 -76.11
-218160000 -76.11
-218320000 -76.1
-218480000 -76.1
-218640000 -76.09
-218800000 -76.09
-218960000 -76.09
-219110000 -76.08
-219270000 -77.02
-219430000 -77.97
-219590000 -79.85
-219750000 -81.74
-219910000 -82.68
-220070000 -83.63
-220220000 -85.51
-220380000 -87.4
-220540000 -89.29
-220700000 -93.07
-220780000 -100.63
-220870000 -108.2
-220950000 -115.77
-221040000 -115.77
-221120000 -121.44
-221200000 -123.32
-221290000 -123.32
-221370000 -123.32
-221450000 -120.47
-221540000 -115.74
-221620000 -106.26
-221710000 -94.91
-221790000 -87.33
-221870000 -83.54
-221960000 -81.65
-222040000 -78.8
-222120000 -77.85
-222210000 -75.95
-222290000 -75.95
-222380000 -75.94
-222460000 -74.05
-222540000 -75.93
-222630000 -75.93
-222710000 -76.87
-222790000 -77.81
-222880000 -79.7
-222960000 -80.64
-223050000 -81.59
-223130000 -83.47
-223210000 -85.36
-223300000 -85.36
-223380000 -88.19
-223460000 -91.03
-223550000 -94.81
-223630000 -100.48
-223720000 -102.37
-223800000 -104.26
-223880000 -111.82
-223970000 -111.82
-224050000 -115.6
-224130000 -117.48
-224220000 -119.37
-224300000 -121.26
-224390000 -121.26
-224470000 -121.25
-224550000 -121.25
-224640000 -120.29
-224720000 -115.56
-224800000 -111.77
-224890000 -105.14
-224970000 -98.51
-225060000 -92.83
-225140000 -89.04
-225220000 -87.14
-225310000 -85.24
-225390000 -83.35
-225470000 -83.34
-225560000 -83.34
-225640000 -83.33
-225730000 -83.33
-225810000 -83.33
-225890000 -83.32
-225980000 -85.21
-226060000 -85.21
-226140000 -87.09
-226230000 -88.98
-226310000 -90.87
-226400000 -92.76
-226480000 -94.64
-226560000 -94.64
-226650000 -97.47
-226730000 -100.31
-226810000 -102.2
-226900000 -109.76
-226980000 -110.7
-227070000 -111.65
-227150000 -124.89
-227230000 -124.89
-227320000 -145.7
-227400000 -145.69
-227540000 -170.29
-227680000 -170.29
-227810000 -174.07
-227950000 -177.85
-228090000 -179.74
-228230000 -179.74
-228370000 -177.84
-228500000 -175.94
-228640000 -164.58
-228780000 -143.76
-228920000 -131.45
-229060000 -119.14
-229190000 -114.4
-229330000 -111.56
-229470000 -109.67
-229610000 -107.77
-229750000 -105.87
-229880000 -104.92
-230020000 -103.97
-230160000 -103.97
-230300000 -103.96
-230440000 -103.96
-230570000 -103.95
-230710000 -103.95
-230850000 -103.94
-230990000 -105.83
-231130000 -105.83
-231260000 -105.82
-231400000 -105.82
-231540000 -105.81
-231680000 -107.7
-231820000 -107.69
-231950000 -107.69
-232090000 -107.69
-232230000 -107.68
-232370000 -108.62
-232510000 -109.56
-232640000 -109.56
-232780000 -111.45
-232920000 -111.44
-233060000 -113.33
-233200000 -115.22
-233330000 -115.22
-233470000 -120.89
-233610000 -122.77
-233750000 -124.66
-233890000 -126.55
-234020000 -130.33
-234160000 -135.06
-234300000 -139.79
-234490000 -142.62
-234670000 -145.46
-234860000 -149.24
-235040000 -150.18
-235230000 -151.12
-235410000 -151.12
-235600000 -151.11
-235780000 -151.11
-235970000 -151.1
-236150000 -148.26
-236340000 -143.52
-236520000 -136.89
-236710000 -128.37
-236890000 -122.68
-237080000 -118.9
-237260000 -117
-237450000 -116.99
-237630000 -116.99
-237820000 -116.98
-238000000 -117.93
-238190000 -118.87
-238370000 -118.87
-238560000 -126.43
-238740000 -126.43
-238930000 -139.67
-239110000 -142.51
-239300000 -145.34
-239480000 -151.01
-239670000 -151.01
-239850000 -151
-240040000 -146.27
-240220000 -139.64
-240410000 -132.06
-240590000 -123.54
-240780000 -120.7
-240960000 -120.69
-241150000 -122.58
-241330000 -124.47
-241520000 -126.36
-241700000 -130.14
-241730000 -132.02
-241760000 -132.02
-241790000 -132.02
-241820000 -130.12
-241860000 -128.22
-241890000 -126.32
-241920000 -124.43
-241950000 -123.47
-241980000 -123.94
-242010000 -124.41
-242040000 -126.3
-242070000 -129.13
-242100000 -131.97
-242130000 -133.86
-242170000 -134.8
-242200000 -135.74
-242230000 -135.74
-242260000 -135.73
-242290000 -135.73
-242320000 -135.73
-242350000 -134.77
-242380000 -133.82
-242410000 -130.98
-242440000 -128.13
-242480000 -127.18
-242510000 -126.23
-242540000 -127.17
-242570000 -128.12
-242600000 -128.11
-242630000 -133.78
-242660000 -134.72
-242690000 -135.67
-242720000 -145.13
-242750000 -145.12
-242790000 -148.9
-242820000 -149.85
-242850000 -150.79
-242880000 -152.67
-242910000 -152.67
-242940000 -152.67
-242970000 -152.66
-243000000 -152.66
-243030000 -152.65
-243060000 -152.65
-243100000 -152.64
-243130000 -152.64
-243160000 -150.74
-243190000 -148.84
-243220000 -148.84
-243250000 -146.94
-243280000 -145.04
-243310000 -143.15
-243340000 -143.14
-243370000 -141.24
-243410000 -141.24
-243440000 -141.24
-243470000 -141.23
-243500000 -141.23
-243530000 -141.22
-243560000 -142.16
-243590000 -143.11
-243620000 -143.1
-243650000 -144.04
-243680000 -144.99
-243720000 -146.87
-243750000 -146.87
-243780000 -146.87
-243810000 -148.75
-243840000 -150.64
-243870000 -150.63
-243900000 -152.52
-243930000 -152.52
-243960000 -153.46
-243990000 -154.4
-244030000 -156.29
-244060000 -158.18
-244090000 -159.12
-244120000 -160.06
-244150000 -161.95
-244180000 -162.89
-244210000 -163.83
-244240000 -165.72
-244270000 -166.67
-244300000 -167.61
-244340000 -171.38
-244370000 -173.27
-244400000 -174.22
-244430000 -175.16
-244460000 -177.04
-244490000 -178.93
-244520000 -180.82
-244550000 -182.71
-244580000 -184.59
-244610000 -184.59
-244650000 -187.43
-244680000 -190.26
-244710000 -192.15
-244740000 -195.93
-244770000 -196.87
-244800000 -197.81
